Generation,Fitness (R Square),MAE,Hidden Layers,Neurons Per Layer,Batch Size,Dropout,Initial Learn Rate
0,-0.039026252925395966,0.0010503082303330302,3.2726697666080424,73.39981332851485,1734.0358655581963,0.2918741475519227,0.0871932446842711
1,-0.045186612755060196,0.001057240180671215,3.2726697666080424,73.39981332851485,1734.0358655581963,0.2918741475519227,0.0871932446842711
2,-0.03603874891996384,0.001048903912305832,1.8034864438054394,24.289016240129982,1803.013459314058,0.2918741475519227,0.08574746278040005
